{
    "0": {
        "precision": 0.7957894736842105,
        "recall": 0.7440944881889764,
        "f1-score": 0.7690742624618514,
        "support": 508
    },
    "1": {
        "precision": 0.8187250996015937,
        "recall": 0.7903846153846154,
        "f1-score": 0.8043052837573386,
        "support": 520
    },
    "2": {
        "precision": 0.718562874251497,
        "recall": 0.6936416184971098,
        "f1-score": 0.7058823529411764,
        "support": 519
    },
    "3": {
        "precision": 0.5486238532110091,
        "recall": 0.6294736842105263,
        "f1-score": 0.5862745098039216,
        "support": 475
    },
    "4": {
        "precision": 0.7479508196721312,
        "recall": 0.7433808553971487,
        "f1-score": 0.745658835546476,
        "support": 491
    },
    "5": {
        "precision": 0.7303370786516854,
        "recall": 0.6701030927835051,
        "f1-score": 0.6989247311827956,
        "support": 485
    },
    "6": {
        "precision": 0.7339449541284404,
        "recall": 0.7905138339920948,
        "f1-score": 0.7611798287345386,
        "support": 506
    },
    "7": {
        "precision": 0.7831858407079646,
        "recall": 0.7254098360655737,
        "f1-score": 0.7531914893617022,
        "support": 488
    },
    "8": {
        "precision": 0.7897727272727273,
        "recall": 0.814453125,
        "f1-score": 0.801923076923077,
        "support": 512
    },
    "9": {
        "precision": 0.789980732177264,
        "recall": 0.8266129032258065,
        "f1-score": 0.8078817733990147,
        "support": 496
    },
    "accuracy": 0.7438,
    "macro avg": {
        "precision": 0.7456873453358523,
        "recall": 0.7428068052745356,
        "f1-score": 0.7434296144111892,
        "support": 5000
    },
    "weighted avg": {
        "precision": 0.746950163723857,
        "recall": 0.7438,
        "f1-score": 0.744573440846692,
        "support": 5000
    },
    "train_loss": 0.017946992069482803,
    "test_loss": 1.3488121032714844,
    "epochs_for_min": 99,
    "time": 1237.2063738070428
}