{
    "0": {
        "precision": 0.8904109589041096,
        "recall": 0.8956692913385826,
        "f1-score": 0.8930323846908734,
        "support": 508
    },
    "1": {
        "precision": 0.9653767820773931,
        "recall": 0.9115384615384615,
        "f1-score": 0.9376854599406529,
        "support": 520
    },
    "2": {
        "precision": 0.8627049180327869,
        "recall": 0.8111753371868978,
        "f1-score": 0.8361469712015889,
        "support": 519
    },
    "3": {
        "precision": 0.7571743929359823,
        "recall": 0.7221052631578947,
        "f1-score": 0.7392241379310345,
        "support": 475
    },
    "4": {
        "precision": 0.8719512195121951,
        "recall": 0.8737270875763747,
        "f1-score": 0.8728382502543235,
        "support": 491
    },
    "5": {
        "precision": 0.8155136268343816,
        "recall": 0.8020618556701031,
        "f1-score": 0.8087318087318087,
        "support": 485
    },
    "6": {
        "precision": 0.8690036900369004,
        "recall": 0.9308300395256917,
        "f1-score": 0.8988549618320609,
        "support": 506
    },
    "7": {
        "precision": 0.908,
        "recall": 0.930327868852459,
        "f1-score": 0.9190283400809717,
        "support": 488
    },
    "8": {
        "precision": 0.9309021113243762,
        "recall": 0.947265625,
        "f1-score": 0.9390125847047436,
        "support": 512
    },
    "9": {
        "precision": 0.8990476190476191,
        "recall": 0.9516129032258065,
        "f1-score": 0.9245837414299707,
        "support": 496
    },
    "accuracy": 0.8786,
    "macro avg": {
        "precision": 0.8770085318705745,
        "recall": 0.8776313733072272,
        "f1-score": 0.8769138640798028,
        "support": 5000
    },
    "weighted avg": {
        "precision": 0.8781495815813348,
        "recall": 0.8786,
        "f1-score": 0.8779643124074801,
        "support": 5000
    },
    "train_loss": 0.004181844647973776,
    "test_loss": 0.689379096031189,
    "epochs_for_min": 100,
    "time": 1229.8301207087934
}